user_id,name,email,country,birth_date
1,Brandon Simon,joanneolson@murphy.com,Antigua and Barbuda,2002-03-14
2,Leslie Nelson,woodsamuel@gmail.com,Netherlands,1979-12-03
3,Katie Ellis,vazqueztravis@gmail.com,Chad,1994-11-17
4,Matthew Jones,gloria47@smith-may.com,Saint Martin,2001-01-16
5,Bryan Brewer,lewisroger@banks.net,Zambia,1988-12-21
6,Jennifer Jones,gordondanielle@hotmail.com,Albania,1999-06-23
7,Karina Richardson,rmiller@ferrell.com,French Southern Territories,1995-04-14
8,Michael Barajas,danielle85@yahoo.com,Argentina,1976-03-21
9,Jasmine Schneider,david19@moore.com,Belarus,1982-01-06
10,Emily Erickson,janesmith@yahoo.com,French Polynesia,1978-06-25
11,George Contreras,devin10@reid.com,Grenada,1983-07-14
12,Denise Hopkins,ptodd@perry.com,Georgia,1975-08-23
13,Tyler Davis,jmoreno@fisher.com,Brunei Darussalam,1978-05-07
14,Ricky Scott,alexandria82@hotmail.com,Tanzania,2000-08-28
15,Brenda Arroyo,williamlee@yahoo.com,Moldova,1975-07-31
16,Jessica Vincent,robinsondavid@yahoo.com,Nigeria,1979-11-13
17,Andrew Clark,nicole48@howard.net,Congo,1991-11-24
18,Kathryn Miller,perezdavid@gmail.com,Trinidad and Tobago,1992-07-22
19,Vanessa White,arogers@gmail.com,Finland,1986-04-16
20,Melinda Lopez,michael21@yahoo.com,Kiribati,2002-03-16
21,James Wright,ericwilliams@costa.com,Australia,1986-03-30
22,Kelly Huynh,robertsmith@gmail.com,Egypt,1993-07-10
23,Shelley Nolan,rivasaudrey@sanford.com,Cook Islands,2000-01-21
24,Troy Fitzgerald,jjones@gmail.com,Djibouti,1980-07-11
25,Kevin Carter,baileygina@johnson-castro.com,Aruba,1995-03-31
26,Amy Wood,webbbonnie@yahoo.com,Ireland,2003-04-10
27,Robert Scott,markclayton@morales-boone.com,Iceland,1986-08-31
28,Sarah French,daniel98@hotmail.com,Western Sahara,1988-08-08
29,Ann Long,meaganwade@gmail.com,Macedonia,1985-06-24
30,Diana Collins,donna19@hotmail.com,Yemen,2006-06-15
31,Michael Mckenzie,gallen@hotmail.com,Dominican Republic,1996-08-22
32,Brett Cline,vbates@hotmail.com,Japan,1993-01-31
33,Tony Turner,patrick36@gmail.com,Togo,1982-12-16
34,Lisa Johnson,michaelwiggins@hotmail.com,Tonga,1987-03-25
35,Donald Arnold,andrew83@gmail.com,Burundi,1991-04-19
36,Shannon Lee,mitchellryan@hotmail.com,Guernsey,2001-01-22
37,Ryan Lane,fkelley@hotmail.com,Andorra,1989-12-05
38,Andrew Green,andrewwilliams@hotmail.com,Korea,2002-08-24
39,Brittany Lee,tiffanyandrews@yahoo.com,Chile,2001-01-20
40,Jennifer Duncan,virginialee@massey.info,United Arab Emirates,2002-07-19
41,Brenda Jones,guerrerodanielle@morton.com,Bouvet Island (Bouvetoya),1981-08-25
42,Brandon Spencer MD,greenrussell@scott.net,Tokelau,1984-07-26
43,Allison Clark,terri89@hotmail.com,Cape Verde,2005-09-04
44,Kristine Thomas,kim85@hotmail.com,Bosnia and Herzegovina,2001-11-19
45,Christopher Gates,timothywalker@yahoo.com,Congo,1989-07-12
46,Michael Watts,briancook@lee.com,Grenada,1981-06-20
47,Laura Parker,mmiller@arroyo-yates.com,United States Minor Outlying Islands,2002-06-18
48,Bonnie Powers,tracy40@elliott.biz,Jamaica,1993-12-19
49,Christine Heath,jstephens@gmail.com,Anguilla,2006-11-06
50,Jonathan Green,victoria09@watson.info,Malta,2005-08-25
